{"data_time": 0.004180562013061717, "eta_seconds": 184.59391326119658, "fast_rcnn/cls_accuracy": 0.98046875, "fast_rcnn/false_negative": 0.05322128851540616, "fast_rcnn/fg_cls_accuracy": 0.9442755825734549, "iteration": 19, "loss_box_reg": 0.10736949741840363, "loss_cls": 0.045830363407731056, "loss_mask": 0.06985841318964958, "loss_rpn_cls": 0.0002472692431183532, "loss_rpn_loc": 0.015689164400100708, "lr": 4.99525e-06, "mask_rcnn/accuracy": 0.9689270815908331, "mask_rcnn/false_negative": 0.0922626708277692, "mask_rcnn/false_positive": 0.019704492866733595, "roi_head/num_bg_samples": 97.25, "roi_head/num_fg_samples": 30.75, "rpn/num_neg_anchors": 231.75, "rpn/num_pos_anchors": 24.25, "time": 0.18836113598081283, "total_loss": 0.23640151288418565}
{"data_time": 0.003584787016734481, "eta_seconds": 165.56611966341734, "fast_rcnn/cls_accuracy": 0.984375, "fast_rcnn/false_negative": 0.046875, "fast_rcnn/fg_cls_accuracy": 0.953125, "iteration": 39, "loss_box_reg": 0.1080249585211277, "loss_cls": 0.0495075024664402, "loss_mask": 0.06885421276092529, "loss_rpn_cls": 0.0001870608757599257, "loss_rpn_loc": 0.009284148458391428, "lr": 9.99025e-06, "mask_rcnn/accuracy": 0.969518605982352, "mask_rcnn/false_negative": 0.11921138387004582, "mask_rcnn/false_positive": 0.018134718293995832, "roi_head/num_bg_samples": 97.5, "roi_head/num_fg_samples": 30.5, "rpn/num_neg_anchors": 236.0, "rpn/num_pos_anchors": 20.0, "time": 0.16608129651285708, "total_loss": 0.2404138458732632}
{"eta_seconds": 162.88947713794187, "fast_rcnn/cls_accuracy": 0.982421875, "fast_rcnn/false_negative": 0.046875, "fast_rcnn/fg_cls_accuracy": 0.953125, "iteration": 53, "mask_rcnn/accuracy": 0.9690801493496989, "mask_rcnn/false_negative": 0.10987616734184447, "mask_rcnn/false_positive": 0.018766727103364293, "roi_head/num_bg_samples": 96.25, "roi_head/num_fg_samples": 31.75, "rpn/num_neg_anchors": 232.75, "rpn/num_pos_anchors": 23.25}
{"data_time": 0.004233982996083796, "iteration": 52, "loss_box_reg": 0.0967956893146038, "loss_cls": 0.040904587134718895, "loss_mask": 0.06752391159534454, "loss_rpn_cls": 0.00022664778953185305, "loss_rpn_loc": 0.010014490224421024, "lr": 1.3236999999999999e-05, "time": 0.17110189649974927, "total_loss": 0.22446641484566499}
